year,minimum_hold_seconds
-538,4
-332,4
250,4
614,4
1596,4
1872,4
1931,8.4
1945,8.666666666666667
1948,9.9
1961,9.666666666666667
1997,9.166666666666667
2026,8.166666666666667
